{"cameraMode":{"drawMode":0,"name":"Shaded","section":"Shading Mode"},"sceneLighting":true,"audioPlay":false,"sceneViewState":{"m_AlwaysRefresh":false,"showFog":true,"showSkybox":true,"showFlares":true,"showImageEffects":true,"showParticleSystems":true,"showVisualEffectGraphs":true,"m_FxEnabled":true},"in2DMode":false,"pivot":{"x":500.0974426269531,"y":0.4718981981277466,"z":501.2206726074219},"rotation":{"x":-0.288737028837204,"y":0.0023159689735621216,"z":-0.0006657555932179093,"w":-0.957442581653595},"size":1.7653974294662476,"orthographic":true}