{"cameraMode":{"drawMode":0,"name":"Shaded","section":"Shading Mode"},"sceneLighting":true,"audioPlay":false,"sceneViewState":{"m_AlwaysRefresh":false,"showFog":true,"showSkybox":true,"showFlares":true,"showImageEffects":true,"showParticleSystems":true,"showVisualEffectGraphs":true,"m_FxEnabled":true},"in2DMode":false,"pivot":{"x":349.90679931640627,"y":21.729890823364259,"z":332.89642333984377},"rotation":{"x":-0.22803179919719697,"y":-0.22342072427272798,"z":0.053852811455726626,"w":-0.9461577534675598},"size":7.596892356872559,"orthographic":true}